{"cameraMode":{"drawMode":0,"name":"Shaded","section":"Shading Mode"},"sceneLighting":true,"audioPlay":false,"sceneViewState":{"showFog":true,"showMaterialUpdate":false,"showSkybox":true,"showFlares":true,"showImageEffects":true,"showParticleSystems":true},"in2DMode":false,"pivot":{"x":0.9294142723083496,"y":-5.041232585906982,"z":83.07978057861328},"rotation":{"x":0.06200339272618294,"y":0.6064084768295288,"z":-0.047745972871780398,"w":0.791301429271698},"size":23.496171951293947,"orthographic":false}