{"cameraMode":{"drawMode":0,"name":"Shaded","section":"Shading Mode"},"sceneLighting":true,"audioPlay":false,"sceneViewState":{"showFog":true,"showMaterialUpdate":false,"showSkybox":true,"showFlares":true,"showImageEffects":true,"showParticleSystems":true},"in2DMode":false,"pivot":{"x":-44.48662567138672,"y":-4.15151309967041,"z":95.76515197753906},"rotation":{"x":0.10211179405450821,"y":0.02822241373360157,"z":-0.003081427188590169,"w":0.9943743944168091},"size":23.496171951293947,"orthographic":false}