{"cameraMode":{"drawMode":0,"name":"Shaded","section":"Shading Mode"},"sceneLighting":false,"audioPlay":false,"sceneViewState":{"showFog":true,"showMaterialUpdate":false,"showSkybox":false,"showFlares":true,"showImageEffects":true,"showParticleSystems":true},"in2DMode":false,"pivot":{"x":-43.06719207763672,"y":-0.921149730682373,"z":-5.6162638664245609},"rotation":{"x":-0.1418146789073944,"y":-0.0854376032948494,"z":0.012166427448391915,"w":-0.9861982464790344},"size":5.12298059463501,"orthographic":false}