{"cameraMode":{"drawMode":0,"name":"Shaded","section":"Shading Mode"},"sceneLighting":false,"audioPlay":false,"sceneViewState":{"showFog":true,"showMaterialUpdate":false,"showSkybox":true,"showFlares":true,"showImageEffects":true,"showParticleSystems":true},"in2DMode":false,"pivot":{"x":-39.94729232788086,"y":-4.2024922370910648,"z":79.80106353759766},"rotation":{"x":-0.4479932188987732,"y":0.12848202884197236,"z":-0.0652339905500412,"w":-0.8823508620262146},"size":5.099742889404297,"orthographic":false}