{"cameraMode":{"drawMode":0,"name":"Shaded","section":"Shading Mode"},"sceneLighting":false,"audioPlay":false,"sceneViewState":{"showFog":true,"showMaterialUpdate":false,"showSkybox":false,"showFlares":true,"showImageEffects":true,"showParticleSystems":true},"in2DMode":false,"pivot":{"x":-44.68149948120117,"y":0.38968950510025027,"z":-8.471397399902344},"rotation":{"x":-0.23072823882102967,"y":-0.0023524011485278608,"z":0.000487938872538507,"w":-0.9730856418609619},"size":4.22298002243042,"orthographic":false}