{"cameraMode":{"drawMode":0,"name":"Shaded","section":"Shading Mode"},"sceneLighting":true,"audioPlay":false,"sceneViewState":{"showFog":true,"showMaterialUpdate":false,"showSkybox":true,"showFlares":true,"showImageEffects":true,"showParticleSystems":true},"in2DMode":false,"pivot":{"x":-43.413665771484378,"y":-1.2722597122192383,"z":91.01721954345703},"rotation":{"x":0.03627348318696022,"y":0.0355180986225605,"z":-0.001420504879206419,"w":0.9987537860870361},"size":22.0,"orthographic":false}