{"cameraMode":{"drawMode":0,"name":"Shaded","section":"Shading Mode"},"sceneLighting":true,"audioPlay":false,"sceneViewState":{"showFog":true,"showMaterialUpdate":false,"showSkybox":true,"showFlares":true,"showImageEffects":true,"showParticleSystems":true},"in2DMode":false,"pivot":{"x":-21.455699920654298,"y":-4.098913192749023,"z":96.48054504394531},"rotation":{"x":0.06622864305973053,"y":-0.03337686508893967,"z":0.0020935083739459516,"w":0.9972888827323914},"size":22.0,"orthographic":false}