{"cameraMode":{"drawMode":0,"name":"Shaded","section":"Shading Mode"},"sceneLighting":true,"audioPlay":false,"sceneViewState":{"showFog":true,"showMaterialUpdate":false,"showSkybox":true,"showFlares":true,"showImageEffects":true,"showParticleSystems":true},"in2DMode":false,"pivot":{"x":-100.54222106933594,"y":-26.794883728027345,"z":107.51438903808594},"rotation":{"x":-0.16377002000808717,"y":0.49517273902893069,"z":-0.09564674645662308,"w":-0.8478482365608215},"size":69.27777099609375,"orthographic":false}